Country Name,Country Code,1990,1991,1992,1993,1994,1995,1996,1997,1998,1999,2000,2001,2002,2003,2004,2005,2006,2007,2008,2009,2010,2011,2012,2013,2014,2015,2016
Afghanistan,AFG,59.28699,61.72699,63.11699,64.45699,65.74699,66.98699,68.16699,69.26699,70.30699,71.12699,71.89699,72.71699,73.78699,74.97699,75.92699,77.25699,78.90699,81.17699,85.37699,92.13699,100.59699,112.82699,123.57699,133.58699,143.38699,153.81699,165.52699
Albania,ALB,172.50816,176.78816,179.29816,181.62816,183.54816,185.62816,187.64816,189.18816,190.93816,193.91816,196.93816,200.15816,203.90816,208.19816,212.35816,216.60816,220.49816,224.41816,228.78816,233.15816,237.74816,242.98816,247.89816,252.95816,258.66816,264.54816,270.56816
Algeria,DZA,1228.83,1307.81,1387.88,1470.02,1556.37,1651.59,1748.61,1835.88,1942.79,2034.76,2122.55,2206.7,2296.53,2388.03,2476.47,2583.66,2684.65,2793.97,2904.09,3025.39,3144.47,3265.56,3395.44,3529.8,3675.08,3829.39,3983.18
Andorra,AND,0.41,0.82,1.23,1.64,2.05,2.48,2.93,3.4,3.89,4.4,4.92,5.44,5.97,6.5,7.06,7.64,8.19,8.73,9.27,9.79,10.31,10.8,11.29,11.77,12.23,12.71,13.2
Angola,AGO,116.03485,121.12485,126.31485,132.08485,135.97485,146.94485,157.39485,164.77485,172.07485,181.22485,190.75485,200.47485,213.13485,222.19485,240.97485,260.11485,282.36485,307.49485,333.18485,360.95485,389.98485,420.30485,453.67485,486.26485,520.99485,555.96485,591.68485
Anguilla,AIA,0.05,0.1,0.15,0.22,0.29,0.36,0.43,0.5,0.58,0.66,0.75,0.85,0.95,1.05,1.17,1.3,1.44,1.59,1.74,1.89,2.04,2.18,2.32,2.46,2.6,2.75,2.9
Antigua and Barbuda,ATG,10.65138,10.92138,11.18138,11.45138,11.72138,11.99138,12.28138,12.59138,12.91138,13.24138,13.58138,13.93138,14.30138,14.70138,15.12138,15.55138,15.99138,16.46138,16.94138,17.45138,17.97138,18.48138,19.00138,19.52138,20.05138,20.60138,21.16138
Argentina,ARG,3673.08112,3790.08112,3911.33112,4029.16112,4151.47112,4279.33112,4414.22112,4552.11112,4691.81112,4838.67112,4980.69112,5114.30112,5238.91112,5373.86112,5531.32112,5693.30112,5868.59112,6043.62112,6232.57112,6412.38112,6600.15112,6791.63112,6983.83112,7173.53112,7377.39112,7585.40112,7794.30112
Armenia,ARM,155.19,161.49,167.31,169.86,172.56,175.97,178.53,181.76,185.12,188.13,191.59,195.13,198.17,201.6,205.24,209.59,213.97,219.03,224.58,228.94,233.15,238.06,243.75,249.24,254.77,260.37,266.12
Aruba,ABW,22.4,24.08,25.54,27.13,28.74,30.41,32.1,33.84,35.64,37.45,39.83,42.24,44.68,47.24,49.86,52.58,55.3,58.12,60.78,63.41,65.92,68.42,69.77,70.63,71.5,72.41,73.33
Australia,AUS,7543.75361,7823.56361,8108.40361,8397.63361,8691.56361,8996.82361,9309.00361,9629.56361,9963.99361,10307.84361,10657.82361,11015.28361,11377.25361,11746.03361,12128.05361,12513.86361,12905.22361,13304.52361,13709.41361,14118.16361,14524.97361,14929.24361,15336.38361,15734.67361,16128.24361,16530.40361,16928.39361
Austria,AUT,3448.42317,3514.32317,3574.75317,3635.54317,3696.73317,3760.94317,3828.61317,3896.06317,3963.11317,4028.81317,4095.16317,4165.62317,4237.82317,4315.68317,4393.84317,4473.21317,4549.89317,4623.92317,4697.73317,4765.38317,4837.93317,4908.22317,4975.94317,5043.90317,5108.10317,5174.82317,5242.59317
Azerbaijan,AZE,1497.88,1558.7,1614.89,1663.3,1705.24,1738.55,1769.78,1799.56,1831.21,1859.76,1889.24,1917.99,1947.58,1978.17,2010.23,2044.54,2083.68,2114.16,2149.63,2181.51,2212.16,2245.58,2281.11,2316.72,2354.18,2394.64,2434.85
Bahamas,BHS,107.87723,109.65723,111.44723,113.14723,114.83723,116.51723,118.18723,119.54723,121.22723,122.89723,124.56723,126.13723,127.71723,129.23723,130.95723,132.69723,134.35723,136.04723,137.53723,139.17723,140.82723,142.68723,144.65723,147.45723,149.86723,152.38723,154.93723
Bahrain,BHR,238.32672,250.19672,261.08672,275.71672,290.49672,305.30672,320.91672,338.22672,356.61672,374.61672,393.24672,407.16672,422.85672,439.31672,456.81672,476.00672,494.81672,521.63672,551.37672,579.56672,608.80672,637.43672,664.08672,695.37672,726.68672,760.80672,795.73672
Bangladesh,BGD,198.56,214.49,232.22,249.61,268.56,291.36,315.37,340.41,364.44,389.66,417.51,449.94,483.62,519.26,556.93,596.38,639.89,684.24,733.71,787.4,847.29,910.65,978.1,1047.75,1120.88,1200.45,1282.85
Barbados,BRB,18.42265,19.63265,20.61265,21.72265,22.47265,23.30265,24.15265,25.05265,26.19265,27.40265,28.59265,29.81265,31.04265,32.31265,33.60265,34.95265,36.32265,37.68265,39.30265,40.92265,42.40265,43.93265,45.40265,46.85265,48.12265,49.44265,50.78265
Belarus,BLR,2330.84,2424.71,2511.99,2587.76,2650.38,2706.59,2764.05,2825.26,2882.94,2938.24,2992.19,3046.23,3100.32,3155.71,3214.61,3274.8,3337.57,3399.74,3464.23,3524.31,3586.61,3648.42,3709.95,3772.05,3833.37,3890.39,3950.71
Belgium,BEL,9091.75467,9211.47467,9330.60467,9448.65467,9573.27467,9699.03467,9828.30467,9952.05467,10082.02467,10206.41467,10332.93467,10458.78467,10584.96467,10712.62467,10841.38467,10966.75467,11090.52467,11210.87467,11331.28467,11438.68467,11552.03467,11655.96467,11757.13467,11858.88467,11955.42467,12055.67467,12156.92467
Belize,BLZ,5.1869,5.5469,5.9069,6.2869,6.6569,7.0369,7.3469,7.7369,8.1069,8.4569,8.8569,9.3069,9.7369,10.1669,10.5569,10.9769,11.4169,11.8969,12.3369,12.9269,13.4669,14.0669,14.5469,15.0569,15.5469,16.0669,16.5869
Benin,BEN,11.39478,12.21478,13.11478,14.24478,15.50478,16.83478,18.09478,19.31478,20.52478,22.08478,23.68478,25.49478,27.57478,29.92478,32.43478,34.82478,38.69478,43.18478,47.59478,52.25478,57.34478,62.63478,68.10478,73.91478,80.22478,86.57478,93.11478
Bermuda,BMU,12.2475,12.7875,13.2475,13.7875,14.3175,14.8475,15.3775,15.8975,16.4175,16.9275,17.4475,17.9775,18.5375,19.0975,19.6775,20.2575,20.9075,21.6375,22.2875,22.7675,23.3775,23.8175,24.2975,24.7575,25.3375,25.9375,26.5475
Bhutan,BTN,0.71,0.9,1.12,1.3,1.51,1.76,2.06,2.45,2.83,3.21,3.61,3.99,4.41,4.79,5.1,5.5,5.89,6.28,6.7,7.09,7.58,8.31,9.13,10.05,11.05,12.1,13.23
Bolivia,BOL,113.54975,119.54975,126.19975,134.01975,142.64975,152.48975,162.30975,173.23975,184.21975,194.65975,205.71975,214.32975,224.71975,235.79975,246.90975,259.08975,274.12975,286.44975,299.67975,313.65975,328.84975,344.97975,363.75975,382.65975,403.04975,423.87975,444.97975
Bonaire Sint Eustatius and Saba,BES,15.05,15.24,15.4,15.64,15.87,16.1,16.32,16.55,16.56,16.65,16.9,17.15,17.39,17.64,17.9,18.15,18.42,18.72,19.01,19.3,19.5,19.76,20.07,20.39,20.71,21.05,21.39
Bosnia and Herzegovina,BIH,407.12,421.29,436.33,448.92,452.15,455.58,459.83,468.22,478.81,489.18,502.96,516.31,530.6,545.08,560.68,576.87,594.42,612.06,632.2,652.89,674.15,698.02,720.26,742.16,764.37,787.6,811.01
Botswana,BWA,17.56,20.19,22.97,26.17,29.2,32.24,35,37.8,41.14,44.3,48.08,51.93,55.91,59.74,63.63,67.72,71.85,76.08,80.58,84.34,89.02,93.19,97.42,102.64,109.67,116.56,123.21
Brazil,BRA,4657.34306,4876.49306,5097.02306,5327.57306,5569.53306,5827.67306,6112.22306,6412.52306,6724.55306,7044.46306,7372.18306,7709.34306,8041.34306,8362.70306,8700.25306,9047.27306,9394.65306,9757.57306,10144.88306,10511.73306,10931.14306,11370.19306,11839.83306,12343.10306,12872.47306,13394.97306,13882.33306
British Virgin Islands,VGB,0.89,0.96,1.03,1.1,1.18,1.26,1.36,1.46,1.56,1.66,1.76,1.87,1.98,2.1,2.22,2.35,2.49,2.64,2.8,2.96,3.13,3.31,3.49,3.67,3.85,4.04,4.23
Brunei,BRN,125.48,130.79,136,140.96,145.65,150.44,155.31,160.37,165.64,169.55,174.26,178.76,183.13,187.72,192.71,197.71,202.57,210.98,220.09,227.95,236.15,245.84,255.5,263.3,272.4,282.12,292.15
Bulgaria,BGR,2330.38305,2390.41305,2447.23305,2504.69305,2560.61305,2618.13305,2676.06305,2731.20305,2783.67305,2829.70305,2874.86305,2923.72305,2969.83305,3020.17305,3069.67305,3120.25305,3172.05305,3227.66305,3281.61305,3327.29305,3375.05305,3428.14305,3476.36305,3518.96305,3564.15305,3612.44305,3657.70305
Burkina Faso,BFA,9.27367,9.90367,10.53367,11.16367,11.80367,12.43367,13.14367,13.95367,14.81367,15.74367,16.78367,17.78367,18.78367,19.86367,20.96367,22.08367,23.44367,25.09367,27.01367,28.94367,30.90367,33.11367,35.74367,38.80367,41.65367,44.51367,47.48367
Burundi,BDI,3.69,3.93,4.15,4.38,4.61,4.85,5.09,5.34,5.59,5.84,6.11,6.32,6.53,6.69,6.89,7.04,7.23,7.42,7.61,7.8,8.01,8.25,8.53,8.82,9.26,9.7,10.16
Cambodia,KHM,12.67454,13.97454,15.32454,16.70454,18.18454,19.73454,21.35454,22.89454,24.84454,26.73454,28.70454,30.95454,33.16454,35.54454,37.98454,40.75454,43.75454,47.21454,51.10454,55.75454,60.76454,65.96454,71.41454,77.01454,83.69454,90.79454,98.36454
Cameroon,CMR,67.88786,68.98786,72.76786,76.65786,80.46786,84.68786,89.14786,92.35786,95.56786,98.64786,102.07786,105.49786,108.90786,112.69786,116.64786,120.33786,124.19786,130.02786,135.56786,142.28786,149.05786,154.81786,160.93786,167.70786,174.70786,181.97786,189.39786
Canada,CAN,17182.34472,17636.75472,18105.46472,18573.18472,19056.09472,19551.60472,20061.87472,20586.52472,21119.44472,21668.08472,22238.08472,22800.74472,23368.21472,23953.16472,24536.75472,25110.35472,25678.13472,26268.39472,26840.55472,27380.05472,27933.77472,28493.77472,29059.23472,29633.70472,30206.43472,30774.52472,31337.50472
Cape Verde,CPV,2.33131,2.43131,2.54131,2.65131,2.76131,2.88131,3.02131,3.17131,3.33131,3.51131,3.73131,3.96131,4.23131,4.54131,4.87131,5.31131,5.78131,6.29131,6.76131,7.28131,7.84131,8.46131,8.97131,9.47131,9.96131,10.45131,10.96131
Cayman Islands,CYM,2.94468,3.21468,3.52468,3.85468,4.21468,4.57468,4.95468,5.36468,5.79468,6.22468,6.69468,7.16468,7.65468,8.14468,8.60468,9.07468,9.55468,10.12468,10.70468,11.26468,11.82468,12.41468,12.94468,13.47468,14.01468,14.58468,15.15468
Central African Republic,CAF,4.51,4.72,4.94,5.16,5.39,5.62,5.85,6.1,6.35,6.61,6.88,7.13,7.38,7.61,7.84,8.07,8.32,8.57,8.82,9.07,9.33,9.61,9.9,10.2,10.5,10.8,11.11
Chad,TCD,4.61,4.68,4.76,4.85,4.95,5.06,5.18,5.32,5.47,5.63,5.81,5.98,6.15,6.53,6.91,7.31,7.72,8.18,8.69,9.18,9.7,10.24,10.85,11.55,12.28,13.01,13.77
Chile,CHL,1008.85687,1040.15687,1072.60687,1107.20687,1145.27687,1186.98687,1235.44687,1291.79687,1349.38687,1410.83687,1469.60687,1522.90687,1578.02687,1633.58687,1693.31687,1755.08687,1819.84687,1891.42687,1963.21687,2029.96687,2102.15687,2181.33687,2262.24687,2345.40687,2427.89687,2510.68687,2597.87687
China,CHN,41998.97981,44562.47981,47250.72981,50127.06981,53182.80981,56500.37981,59960.63981,63427.30981,66748.92981,70064.26981,73466.65981,76951.36981,80798.48981,85335.18981,90564.44981,96456.57981,102980.5298,110005.5798,117552.4698,125546.9298,134315.7898,144041.3698,154061.7398,164311.3498,174594.8598,184745.3298,194896.1498
Christmas Island,CXR,1.33221,1.33221,1.33221,1.33221,1.33221,1.33221,1.33221,1.33221,1.33221,1.33221,1.33221,1.33221,1.33221,1.33221,1.33221,1.33221,1.33221,1.33221,1.33221,1.33221,1.33221,1.33221,1.33221,1.33221,1.33221,1.33221,1.33221
Colombia,COL,1307.05027,1364.12027,1426.12027,1490.09027,1557.61027,1617.18027,1677.66027,1742.52027,1808.44027,1864.91027,1922.79027,1979.02027,2034.64027,2092.01027,2147.04027,2207.94027,2270.83027,2333.21027,2401.24027,2473.84027,2549.95027,2626.42027,2706.31027,2795.86027,2879.88027,2965.88027,3050.51027
Comoros,COM,1.01,1.08,1.15,1.22,1.29,1.36,1.44,1.52,1.61,1.7,1.8,1.9,2,2.13,2.27,2.41,2.57,2.67,2.78,2.91,3.07,3.21,3.35,3.53,3.68,3.83,3.99
Congo,COG,23.86,24.86,26.14,27.46,29.61,31.17,32.88,35.22,36,36.82,37.87,38.64,39.22,40.14,41.09,42.07,43.19,44.4,45.71,47.45,49.43,51.69,54.66,57.75,60.84,64.03,67.3
Cook Islands,COK,0.53,0.57,0.61,0.65,0.69,0.73,0.78,0.83,0.88,0.93,0.98,1.01,1.04,1.07,1.12,1.18,1.25,1.32,1.39,1.46,1.53,1.6,1.67,1.74,1.81,1.88,1.96
Costa Rica,CRI,59.97091,63.30091,67.09091,71.04091,76.31091,81.17091,85.91091,90.89091,96.20091,101.72091,107.19091,112.95091,119.27091,125.89091,132.81091,139.67091,146.76091,154.88091,163.00091,170.90091,178.46091,186.19091,193.95091,201.54091,209.29091,217.34091,225.51091
Cote d'Ivoire,CIV,119.64912,124.20912,128.30912,133.64912,138.32912,144.93912,152.76912,160.32912,167.23912,173.49912,180.28912,188.00912,195.28912,200.74912,208.40912,216.22912,223.21912,229.98912,236.75912,242.40912,249.36912,256.60912,265.89912,276.57912,287.61912,299.41912,311.26912
Croatia,HRV,445.54,462.81,479.42,496.5,512.84,529.83,547.42,566.09,585.46,605.68,625.47,646.41,668.44,691.8,714.81,738.26,761.94,786.96,810.71,832.68,853.88,874.64,893.81,912.34,930.12,948.04,966.41
Cuba,CUB,855.00462,884.69462,915.96462,945.32462,977.54462,1003.23462,1030.20462,1054.83462,1079.31462,1104.62462,1130.68462,1156.11462,1182.18462,1207.64462,1232.62462,1258.61462,1285.99462,1312.76462,1343.18462,1373.05462,1411.39462,1447.35462,1483.48462,1518.25462,1553.06462,1589.25462,1625.97462
Curacao,CUW,289.39,293.09,296.14,300.85,305.37,309.84,314.02,318.4,318.64,320.45,325.25,330.14,334.85,339.57,344.52,349.43,354.54,360.3,365.84,371.5,375.4,380.38,386.37,391.58,397.46,403.59,409.82
Cyprus,CYP,79.70932,84.81932,90.29932,96.02932,102.00932,107.85932,114.01932,120.30932,126.88932,133.73932,140.83932,147.80932,154.96932,162.51932,170.29932,178.25932,186.40932,194.86932,203.48932,211.85932,219.85932,227.55932,234.71932,241.20932,248.08932,254.94932,262.01932
Czech Republic,CZE,5005.77,5151.81,5293.36,5428.93,5558.09,5687.83,5820.03,5948.87,6072.52,6187.94,6313.73,6439.22,6561.76,6687.85,6814.69,6939.25,7065.14,7192.54,7314.86,7429.54,7545.7,7659.74,7770.36,7877.46,7980.26,8084.03,8189.14
Czechoslovakia,OWID_CZS,11058.87339,11259.85727,11259.85727,11259.85727,11259.85727,11259.85727,11259.85727,11259.85727,11259.85727,11259.85727,11259.85727,11259.85727,11259.85727,11259.85727,11259.85727,11259.85727,11259.85727,11259.85727,11259.85727,11259.85727,11259.85727,11259.85727,11259.85727,11259.85727,11259.85727,11259.85727,11259.85727
Democratic Republic of Congo,COD,130.77718,133.73718,136.54718,139.13718,140.77718,142.89718,145.21718,147.11718,148.78718,150.16718,150.97718,151.81718,152.74718,153.73718,154.93718,156.43718,158.04718,159.80718,161.66718,163.41718,165.43718,167.92718,170.32718,173.91718,178.58718,183.28718,188.16718
Denmark,DNK,2556.48094,2621.30094,2680.30094,2741.49094,2806.69094,2868.84094,2944.30094,3010.37094,3072.18094,3131.41094,3186.37094,3242.86094,3298.98094,3360.26094,3416.00094,3468.17094,3528.26094,3583.56094,3635.44094,3684.85094,3734.70094,3779.59094,3819.82094,3862.01094,3899.98094,3935.65094,3973.11094
Djibouti,DJI,7.06259,7.37259,7.68259,7.99259,8.29259,8.59259,8.90259,9.23259,9.55259,9.87259,10.21259,10.58259,10.98259,11.40259,11.81259,12.22259,12.63259,13.09259,13.59259,14.05259,14.57259,15.04259,15.56259,16.17259,16.89259,17.62259,18.37259
Dominica,DMA,0.9967,1.0567,1.1167,1.1767,1.2467,1.3267,1.3967,1.4767,1.5567,1.6367,1.7367,1.8467,1.9467,2.0667,2.1767,2.2967,2.4067,2.5567,2.6867,2.8167,2.9567,3.0867,3.2267,3.3567,3.4967,3.6367,3.7767
Dominican Republic,DOM,166.93334,176.97334,187.89334,199.64334,212.10334,227.97334,245.28334,263.27334,281.65334,300.20334,319.97334,339.77334,361.08334,382.58334,400.87334,419.49334,439.26334,460.42334,481.11334,501.32334,522.33334,543.54334,565.64334,587.06334,608.58334,630.73334,653.30334
Ecuador,ECU,318.9077,335.3877,357.6477,381.8377,395.4777,418.2977,442.4677,460.8177,483.2577,504.7377,525.4377,548.5377,573.4677,600.4177,629.4377,659.6777,688.5177,720.3777,754.2177,790.2577,826.6877,865.2677,903.3777,944.3377,988.2177,1030.8577,1071.2377
Egypt,EGY,1407.64064,1486.29064,1567.49064,1660.57064,1745.81064,1841.46064,1943.41064,2051.52064,2173.66064,2298.95064,2440.16064,2565.51064,2692.60064,2840.44064,2991.23064,3158.30064,3336.74064,3525.68064,3724.10064,3930.67064,4133.22064,4350.21064,4567.10064,4780.34064,4982.07064,5189.25064,5405.43064
El Salvador,SLV,57.98535,61.15535,64.47535,68.26535,72.85535,77.87535,82.44535,87.91535,93.72535,99.41535,105.15535,111.09535,117.12535,123.67535,130.03535,136.48535,143.32535,150.29535,156.83535,163.27535,169.72535,176.36535,183.02535,189.25535,195.53535,202.06535,208.68535
Equatorial Guinea,GNQ,2.03754,2.17754,2.33754,2.43754,2.46754,2.59754,2.70754,2.99754,3.15754,3.62754,4.07754,7.16754,12.14754,18.15754,23.36754,28.07754,32.82754,37.61754,42.11754,46.73754,51.41754,57.53754,62.64754,67.80754,73.14754,79.09754,84.91754
Eritrea,ERI,0.06973,0.06973,0.06973,0.06973,0.92973,1.85973,2.86973,3.72973,4.31973,4.93973,5.54973,6.17973,6.77973,7.50973,8.27973,9.04973,9.60973,10.18973,10.59973,11.10973,11.61973,12.20973,12.86973,13.53973,14.23973,14.93973,15.65973
Estonia,EST,646.60461,680.64461,705.15461,724.22461,744.12461,762.32461,781.25461,799.73461,816.64461,832.37461,847.73461,863.44461,878.67461,895.76461,913.05461,930.19461,946.63461,966.70461,984.57461,999.18461,1018.20461,1037.30461,1055.24461,1074.94461,1093.85461,1109.74461,1125.78461
Ethiopia,ETH,48.87702,51.85702,54.81702,57.84702,60.08702,62.64702,65.50702,68.55702,71.77702,74.92702,78.47702,82.82702,87.34702,92.32702,97.61702,102.72702,108.22702,114.23702,120.80702,127.42702,134.00702,141.72702,150.28702,160.91702,172.50702,184.11702,195.96702
Faeroe Islands,FRO,11.10299,11.77299,12.42299,13.00299,13.58299,14.15299,14.75299,15.34299,15.96299,16.59299,17.28299,18.04299,18.77299,19.50299,20.25299,20.97299,21.65299,22.34299,22.97299,23.55299,24.18299,24.75299,25.34299,26.02299,26.62299,27.24299,27.88299
Falkland Islands,FLK,3.59267,3.63267,3.67267,3.71267,3.75267,3.79267,3.83267,3.88267,3.92267,3.96267,4.00267,4.04267,4.08267,4.13267,4.18267,4.23267,4.29267,4.35267,4.41267,4.47267,4.52267,4.57267,4.62267,4.67267,4.72267,4.78267,4.84267
Fiji,FJI,18.78598,19.45598,20.20598,20.95598,21.70598,22.46598,23.28598,24.07598,24.84598,25.62598,26.46598,27.52598,28.41598,29.46598,30.81598,31.91598,33.13598,34.29598,35.18598,35.97598,37.19598,38.28598,39.34598,40.49598,41.66598,42.91598,44.21598
Finland,FIN,1493.77901,1548.98901,1603.24901,1659.57901,1721.26901,1779.38901,1843.42901,1906.12901,1965.48901,2024.36901,2081.39901,2143.91901,2208.95901,2281.59901,2350.55901,2407.58901,2475.94901,2542.68901,2601.28901,2657.09901,2721.10901,2777.64901,2828.75901,2880.66901,2928.42901,2972.80901,3018.20901
France,FRA,26924.12457,27348.32457,27762.05457,28154.95457,28546.89457,28944.72457,29356.36457,29761.08457,30186.78457,30603.40457,31018.09457,31433.61457,31845.38457,32264.12457,32685.09457,33109.40457,33521.83457,33924.89457,34321.27457,34699.60457,35087.66457,35449.97457,35812.34457,36174.24457,36505.97457,36842.63457,37186.08457
French Guiana,GUF,7.47744,8.14744,8.84744,9.54744,10.16744,10.74744,11.23744,11.70744,12.31744,12.78744,13.25744,13.76744,14.22744,14.82744,15.39744,15.94744,16.41744,16.97744,17.53744,18.12744,18.76744,19.40744,19.99744,20.62744,21.35744,22.11744,22.88744
French Polynesia,PYF,8.75084,9.18084,9.59084,10.02084,10.46084,10.89084,11.32084,11.77084,12.22084,12.71084,13.28084,13.96084,14.67084,15.44084,16.20084,17.02084,17.84084,18.66084,19.50084,20.35084,21.21084,22.04084,22.85084,23.67084,24.47084,25.33084,26.23084
Gabon,GAB,116.9,121.43,126.36,131.35,135.74,140.36,145.13,149.92,154.9,159.7,164.39,169.19,173.76,178.4,183.08,187.96,192.13,196.24,200.41,204.66,209.47,214.44,219.54,224.82,230.01,235.34,240.75
Gambia,GMB,3.2268,3.4068,3.5868,3.7768,3.9668,4.1668,4.3668,4.5668,4.7768,5.0068,5.2568,5.5068,5.7968,6.0868,6.3768,6.6668,6.9768,7.3268,7.6968,8.0768,8.5068,8.9568,9.4068,9.8368,10.3468,10.8568,11.3868
Georgia,GEO,408.45,425.03,440.35,450.29,456.37,458.67,462.73,467.16,472.12,476.46,480.99,484.76,488.15,491.92,496.24,501.3,507.44,513.86,519.02,525.26,531.57,539.54,547.97,555.82,564.8,573.97,583.36
Germany,DEU,66889.75331,67903.87331,68869.66331,69825.64331,70764.85331,71703.00331,72661.37331,73592.14331,74514.92331,75410.26331,76309.55331,77225.19331,78124.35331,79024.73331,79910.94331,80776.81331,81654.18331,82504.92331,83358.51331,84147.02331,84979.46331,85792.04331,86609.19331,87444.65331,88239.48331,89031.53331,89833.04331
Ghana,GHA,87.98015,91.91015,95.89015,100.43015,105.38015,110.65015,116.26015,122.62015,129.02015,135.56015,141.84015,148.75015,156.17015,163.79015,171.13015,178.12015,187.47015,197.29015,206.42015,214.12015,224.07015,233.89015,245.76015,260.37015,274.82015,289.60015,304.78015
Gibraltar,GIB,2.66124,2.86124,3.09124,3.33124,3.61124,3.88124,4.16124,4.45124,4.76124,5.08124,5.41124,5.75124,6.10124,6.46124,6.84124,7.24124,7.66124,8.07124,8.50124,8.96124,9.43124,9.88124,10.34124,10.83124,11.36124,11.91124,12.47124
Greece,GRC,1334.24904,1417.59904,1502.51904,1586.74904,1673.13904,1760.08904,1849.18904,1942.98904,2041.60904,2139.54904,2242.52904,2347.89904,2452.90904,2561.98904,2671.51904,2785.44904,2897.90904,3012.48904,3123.59904,3227.93904,3325.27904,3419.80904,3511.22904,3592.94904,3671.60904,3746.56904,3817.64904
Greenland,GRL,15.12982,15.67982,16.15982,16.65982,17.15982,17.65982,18.17982,18.69982,19.22982,19.76982,20.29982,20.83982,21.37982,21.90982,22.48982,23.09982,23.72982,24.36982,25.02982,25.60982,26.26982,26.97982,27.54982,28.09982,28.60982,29.13982,29.67982
Grenada,GRD,1.66909,1.77909,1.89909,2.01909,2.15909,2.30909,2.45909,2.62909,2.80909,2.99909,3.18909,3.37909,3.58909,3.80909,4.01909,4.23909,4.46909,4.70909,4.95909,5.20909,5.46909,5.71909,5.98909,6.28909,6.52909,6.77909,7.03909
Guadeloupe,GLP,17.77666,19.06666,20.40666,21.77666,23.19666,24.65666,26.20666,27.80666,29.87666,31.76666,33.67666,35.74666,37.85666,40.08666,42.39666,44.61666,46.76666,49.09666,51.38666,53.69666,55.99666,58.42666,60.96666,63.51666,66.07666,68.72666,71.43666
Guatemala,GTM,102.48845,107.53845,113.54845,119.19845,126.02845,133.18845,139.83845,147.42845,156.17845,165.09845,175.00845,185.62845,196.71845,207.53845,219.14845,231.70845,244.34845,256.96845,268.38845,280.22845,291.88845,303.71845,315.67845,329.29845,347.60845,366.56845,385.86845
Guinea,GIN,26.52515,27.55515,28.61515,29.70515,30.95515,32.24515,33.60515,35.02515,36.52515,38.10515,39.74515,41.46515,43.26515,45.14515,47.08515,48.90515,50.79515,52.76515,54.95515,57.21515,59.81515,62.59515,65.17515,67.47515,69.92515,72.38515,74.93515
Guinea-Bissau,GNB,3.43074,3.61074,3.79074,3.97074,4.15074,4.33074,4.51074,4.71074,4.88074,5.07074,5.22074,5.37074,5.52074,5.71074,5.91074,6.12074,6.34074,6.57074,6.80074,7.03074,7.27074,7.52074,7.77074,8.03074,8.30074,8.57074,8.85074
Guyana,GUY,46.21185,47.32185,48.36185,49.40185,50.78185,52.24185,53.76185,55.35185,57.01185,58.69185,60.30185,61.89185,63.47185,65.03185,66.66185,68.10185,69.39185,70.95185,72.51185,74.07185,75.79185,77.57185,79.56185,81.49185,83.50185,85.60185,87.73185
Haiti,HTI,20.25766,21.25766,22.16766,22.82766,23.12766,24.02766,25.05766,26.42766,27.65766,28.98766,30.35766,31.92766,33.74766,35.47766,37.46766,39.53766,41.64766,44.03766,46.43766,48.70766,50.83766,53.05766,55.36766,57.76766,60.62766,63.60766,66.62766
Honduras,HND,52.83643,55.53643,58.60643,61.45643,64.78643,68.66643,72.62643,76.77643,81.42643,86.16643,91.19643,96.90643,102.99643,109.75643,117.11643,124.66643,131.66643,140.43643,149.10643,156.97643,164.94643,173.89643,182.87643,191.93643,201.39643,211.21643,221.19643
Hong Kong,HKG,429.62,458.24,491.31,526.25,557.51,588.95,618.05,648.73,687.8,730.48,770.89,808.82,848.42,891.74,933.41,977.25,1019.27,1062.96,1106.9,1149.01,1189.65,1233.41,1276.8,1321.77,1367.95,1410.88,1454.33
Hungary,HUN,3337.22015,3406.99015,3469.39015,3532.92015,3594.80015,3656.41015,3719.58015,3781.33015,3842.67015,3904.49015,3963.03015,4023.19015,4082.35015,4144.28015,4204.69015,4265.18015,4325.06015,4383.57015,4440.98015,4492.76015,4544.98015,4595.42015,4642.30015,4686.17015,4730.20015,4776.98015,4825.02015
Iceland,ISL,59.19023,61.27023,63.47023,65.80023,68.08023,70.39023,72.79023,75.28023,77.78023,80.48023,83.24023,86.00023,88.85023,91.70023,94.62023,97.47023,100.50023,103.79023,107.40023,110.97023,114.40023,117.73023,121.05023,124.38023,127.67023,131.03023,134.45023
India,IND,11880.58408,12538.23408,13236.75408,13959.86408,14723.97408,15534.87408,16416.47408,17333.40408,18268.86408,19263.81408,20294.82408,21335.12408,22388.52408,23487.22408,24640.60408,25862.16408,27164.81408,28571.27408,30138.37408,31875.59408,33593.87408,35434.14408,37450.99408,39484.08408,41720.63408,44041.04408,46471.84408
Indonesia,IDN,2894.86372,3074.44372,3276.85372,3495.27372,3716.50372,3941.26372,4194.34372,4472.77372,4686.80372,4928.59372,5191.79372,5486.46372,5792.95372,6109.48372,6446.84372,6788.55372,7133.39372,7508.63372,7924.85372,8370.89372,8799.30372,9402.47372,10039.03372,10528.86372,10992.66372,11461.41372,11962.22372
Iran,IRN,4632.65734,4859.87734,5088.15734,5325.17734,5590.18734,5862.90734,6138.73734,6407.80734,6716.06734,7098.09734,7470.02734,7868.13734,8269.56734,8687.66734,9134.33734,9602.75734,10111.67734,10630.57734,11171.71734,11725.53734,12298.09734,12886.66734,13497.92734,14117.19734,14766.14734,15408.25734,16064.14734
Iraq,IRQ,1209.25415,1254.86415,1313.92415,1377.23415,1448.51415,1522.80415,1592.24415,1660.49415,1732.80415,1805.02415,1877.41415,1962.68415,2049.87415,2140.91415,2254.90415,2368.33415,2467.02415,2529.12415,2622.19415,2726.65415,2838.75415,2973.02415,3125.62415,3290.99415,3459.30415,3626.12415,3794.61415
Ireland,IRL,1009.07152,1042.65152,1076.07152,1109.72152,1144.49152,1180.28152,1217.69152,1256.44152,1297.09152,1339.47152,1384.66152,1432.22152,1478.25152,1523.88152,1570.00152,1618.03152,1665.52152,1713.10152,1760.35152,1802.42152,1844.05152,1882.01152,1920.15152,1957.27152,1993.90152,2032.29152,2072.56152
Israel,ISR,632.26574,668.98574,711.74574,756.78574,805.14574,856.20574,909.25574,965.09574,1022.14574,1077.79574,1138.00574,1201.54574,1261.30574,1324.14574,1383.11574,1440.02574,1502.44574,1565.46574,1633.67574,1698.09574,1766.91574,1835.98574,1911.45574,1978.46574,2043.01574,2110.28574,2176.74574
Italy,ITA,11912.40773,12347.28773,12782.54773,13211.44773,13632.89773,14080.40773,14521.08773,14965.54773,15421.64773,15882.35773,16348.59773,16821.13773,17295.70773,17783.97773,18276.72773,18768.29773,19255.42773,19734.14773,20200.72773,20616.86773,21042.16773,21455.07773,21845.40773,22208.34773,22555.41773,22912.61773,23271.85773
Jamaica,JAM,181.38225,189.13225,196.84225,204.84225,213.03225,222.20225,231.89225,242.01225,251.72225,261.69225,271.99225,282.60225,292.83225,303.49225,314.15225,324.64225,336.13225,345.77225,355.97225,363.70225,370.99225,378.84225,386.30225,394.39225,401.81225,409.52225,417.35225
Japan,JPN,28856.28545,30021.91545,31197.68545,32366.57545,33596.79545,34840.64545,36097.34545,37351.91545,38571.52545,39826.10545,41101.88545,42360.88545,43656.93545,44958.03545,46258.22545,47565.91545,48853.01545,50174.72545,51412.01545,52576.70545,53791.71545,55055.53545,56353.69545,57667.38545,58933.98545,60159.22545,61368.38545
Jordan,JOR,130.97792,140.76792,153.02792,165.11792,178.73792,192.28792,206.46792,220.87792,235.40792,249.96792,265.46792,281.45792,298.32792,315.78792,335.01792,356.05792,377.15792,399.17792,420.50792,442.37792,463.53792,485.18792,509.60792,533.97792,560.40792,586.00792,611.85792
Kazakhstan,KAZ,6960.03,7224.95,7465.66,7675.95,7851.57,8019.86,8174.57,8320.78,8461.91,8577.8,8717.59,8850.19,9000.58,9167.19,9341.83,9528.56,9737.51,9953.14,10167.28,10377.51,10614.4,10840.98,11074.04,11311.27,11556.34,11786.72,12018.28
Kenya,KEN,144.5976,149.4376,154.9776,161.3176,167.8676,175.4176,184.7376,192.9976,203.0276,213.1876,223.5976,232.9576,240.9176,247.6676,255.2876,263.8476,273.4176,283.2376,293.4676,305.8076,317.9676,331.4176,343.9276,357.2476,371.5176,385.8076,400.3876
Kiribati,KIR,0.67,0.69,0.72,0.75,0.78,0.81,0.84,0.87,0.9,0.93,0.96,0.99,1.03,1.07,1.11,1.17,1.24,1.29,1.34,1.38,1.44,1.5,1.56,1.62,1.68,1.75,1.82
Kuwait,KWT,795.54903,805.72903,826.79903,860.04903,898.92903,953.70903,1003.81903,1058.69903,1110.39903,1164.37903,1217.89903,1275.48903,1333.66903,1393.53903,1457.01903,1528.50903,1602.21903,1677.38903,1760.04903,1847.27903,1936.82903,2027.78903,2130.03903,2228.29903,2323.62903,2427.91903,2532.52903
Kyrgyzstan,KGZ,298.73,310.86,322.07,330.68,336.9,341.43,347.12,352.73,358.68,363.35,367.98,371.87,376.82,382.25,388.12,393.71,399.21,405.83,413.48,420.27,426.65,434.3,444.42,454.25,463.85,473.81,483.92
Laos,LAO,7.72653,7.95653,8.21653,8.47653,8.74653,9.09653,9.57653,10.18653,10.87653,11.80653,12.74653,13.61653,14.76653,15.86653,17.25653,18.65653,20.20653,21.11653,22.06653,23.32653,24.96653,26.58653,28.28653,29.86653,31.81653,33.81653,35.90653
Latvia,LVA,381.10545,399.11545,413.36545,425.33545,435.73545,444.88545,454.10545,462.78545,471.08545,478.79545,485.86545,493.34545,500.85545,508.56545,516.27545,524.06545,532.35545,540.96545,549.13545,556.57545,565.10545,572.90545,580.42545,587.77545,594.92545,602.16545,609.61545
Lebanon,LBN,191.0208,199.4908,209.8408,221.5108,234.2008,247.7708,261.5208,277.1508,293.7808,310.2608,325.4908,341.6508,357.6408,375.8108,392.5908,408.7808,423.2308,436.6808,453.8908,474.7508,494.7808,515.2108,537.8208,560.3808,584.4308,607.8408,631.4708
Lesotho,LSO,1.47,3,4.59,6.22,7.89,9.6,11.34,13.11,14.91,16.73,18.58,20.46,22.37,24.3,26.28,28.29,30.33,32.4,34.53,36.75,39.03,41.36,43.76,46.19,48.66,51.06,53.31
Liberia,LBR,31.8806,32.1606,32.4406,32.7606,33.0706,33.4006,33.7406,34.0906,34.4606,34.8506,35.2706,35.7606,36.2506,36.7706,37.3906,38.1206,38.8706,39.5406,40.1006,40.6206,41.4106,42.3006,43.3306,44.2906,45.2206,46.1606,47.1306
Libya,LBY,639.33156,682.16156,719.39156,758.31156,802.41156,848.39156,892.51156,937.45156,982.89156,1027.47156,1074.55156,1122.61156,1170.40156,1219.53156,1269.85156,1321.92156,1375.15156,1425.07156,1481.04156,1538.97156,1600.88156,1640.55156,1693.19156,1749.41156,1806.36156,1865.67156,1925.88156
Liechtenstein,LIE,0.2,0.41,0.62,0.83,1.03,1.23,1.44,1.66,1.89,2.12,2.34,2.55,2.77,3,3.23,3.46,3.69,3.89,4.11,4.32,4.51,4.69,4.88,5.07,5.23,5.39,5.55
Lithuania,LTU,600.85,638.75,659.96,676.31,692.08,707.1,722.78,737.87,753.78,767.21,779.02,791.53,804.15,816.76,829.95,844.04,858.44,874.2,889.28,902.11,915.82,929.89,944.02,957.13,970,983.14,996.29
Luxembourg,LUX,445.37269,457.80269,469.99269,482.32269,493.84269,502.96269,512.13269,520.65269,528.29269,536.38269,545.05269,554.22269,564.16269,574.57269,586.36269,598.40269,610.28269,621.57269,632.73269,643.35269,654.53269,665.62269,676.44269,686.71269,696.51269,705.82269,715.42269
Macao,MAC,12.66845,13.75845,14.83845,16.01845,17.28845,18.51845,19.92845,21.41845,22.97845,24.49845,26.12845,27.81845,29.33845,30.86845,32.57845,34.40845,36.02845,37.56845,38.90845,40.97845,42.38845,43.83845,45.14845,46.32845,47.60845,48.98845,50.42845
Macedonia,MKD,291.49,301.63,312.4,322.73,333.19,344.02,355.75,366.38,379,390.71,402.76,414.75,425.68,436.98,448.16,459.43,470.36,479.85,489.24,497.93,506.53,515.92,524.88,532.72,540.22,548.03,555.95
Madagascar,MDG,32.02883,33.05883,34.05883,35.08883,36.35883,37.61883,38.97883,40.62883,42.36883,44.28883,46.15883,47.89883,49.12883,50.82883,52.63883,54.37883,56.05883,57.86883,59.75883,61.52883,63.48883,65.82883,68.52883,71.63883,74.70883,77.74883,80.76883
Malawi,MWI,16.51,17.31,18.11,19,19.92,20.84,21.75,22.71,23.64,24.58,25.45,26.31,27.16,28.08,29.01,29.89,30.8,31.69,32.75,33.7,34.84,36.02,37.12,38.34,39.62,40.89,42.18
Malaysia,MYS,708.05,776.59,851.83,943.48,1037.41,1158.44,1283.71,1408.43,1522.52,1630.37,1756,1891.51,2025.14,2183.27,2346.96,2521.3,2688.87,2873.54,3077.4,3276.11,3494.41,3714.63,3933.16,4169.48,4412.1,4661.29,4926.13
Maldives,MDV,0.95,1.1,1.33,1.53,1.73,1.98,2.27,2.6,2.9,3.32,3.77,4.23,4.82,5.33,6,6.6,7.36,8.14,8.98,9.86,10.79,11.78,12.89,13.98,15.31,16.74,18.24
Mali,MLI,9.32,9.76,10.2,10.65,11.11,11.58,12.07,12.59,13.35,14.15,14.97,15.8,16.65,17.49,18.37,19.27,20.21,21.22,22.29,23.1,24.06,25.1,26.09,27.12,28.53,29.95,31.43
Malta,MLT,32.00533,34.17533,36.49533,39.17533,41.74533,44.10533,46.55533,49.01533,51.48533,54.06533,56.48533,59.08533,61.69533,64.58533,67.34533,70.04533,72.75533,75.53533,78.31533,80.94533,83.58533,86.31533,89.13533,91.61533,94.09533,95.85533,97.67533
Marshall Islands,MHL,0,0,0.05,0.11,0.18,0.25,0.32,0.39,0.46,0.53,0.61,0.69,0.77,0.85,0.94,1.02,1.11,1.21,1.31,1.41,1.51,1.61,1.71,1.81,1.91,2.02,2.14
Martinique,MTQ,25.27686,26.67686,28.26686,29.84686,31.47686,33.11686,34.75686,36.38686,38.01686,39.64686,41.38686,43.20686,44.98686,46.98686,49.05686,51.25686,53.38686,55.31686,57.18686,59.21686,61.22686,63.44686,65.65686,67.86686,70.16686,72.55686,74.98686
Mauritania,MRT,21.71,22.63,23.6,24.58,25.72,26.79,27.9,29.02,30.14,31.29,32.46,33.73,35.08,36.47,38.01,39.6,41.21,43.05,44.98,47.1,49.34,51.73,54.38,57.05,59.76,62.48,65.3
Mauritius,MUS,20.06985,21.58985,23.29985,25.06985,26.68985,28.51985,30.46985,32.46985,34.63985,37.06985,39.75985,42.61985,45.49985,48.55985,51.64985,54.93985,58.56985,62.25985,66.02985,69.73985,73.64985,77.56985,81.52985,85.59985,89.81985,93.99985,98.10985
Mexico,MEX,7376.39471,7708.08471,8042.50471,8381.69471,8734.18471,9066.72471,9412.85471,9782.32471,10171.09471,10562.36471,10960.42471,11373.06471,11787.11471,12226.96471,12667.91471,13133.89471,13612.75471,14092.88471,14585.73471,15061.29471,15525.22471,16009.25471,16505.17471,16995.11471,17474.99471,17952.01471,18416.93471
Micronesia (country),FSM,0,0,0.1,0.2,0.3,0.41,0.52,0.63,0.75,0.86,0.98,1.15,1.29,1.43,1.57,1.69,1.81,1.95,2.07,2.23,2.34,2.46,2.6,2.74,2.89,3.05,3.22
Moldova,MDA,558.56,581.24,602.19,617.81,629.89,641.07,652.58,659.67,665.94,670.44,673.95,677.66,681.64,685.93,690.48,695.37,700.36,705.04,709.81,714.36,719.29,724.32,729.24,734.23,739.16,744.19,749.35
Mongolia,MNG,162.69541,174.84541,185.85541,195.13541,203.07541,210.98541,219.02541,226.72541,234.42541,241.97541,249.47541,257.35541,265.63541,273.66541,282.20541,290.76541,300.15541,312.20541,324.23541,337.32541,351.13541,372.61541,398.81541,437.53541,458.35541,480.38541,506.52541
Montenegro,MNE,51.84,53.64,55.56,57.23,58.85,60.56,62.57,64.73,67,68.56,70.3,72.17,74.17,76.31,78.64,80.85,83.23,85.48,88.23,90.05,92.63,95.2,97.53,99.78,101.99,104.3,106.64
Montserrat,MSR,0.48,0.51,0.54,0.57,0.6,0.63,0.67,0.7,0.73,0.76,0.79,0.82,0.86,0.9,0.94,0.98,1.02,1.06,1.11,1.16,1.23,1.27,1.31,1.36,1.41,1.46,1.51
Morocco,MAR,404.79335,429.75335,455.77335,483.96335,513.58335,543.93335,575.10335,606.94335,638.95335,672.08335,705.96335,743.64335,781.86335,819.39335,862.67335,908.40335,955.79335,1006.02335,1058.88335,1111.32335,1167.23335,1224.87335,1287.55335,1346.58335,1406.39335,1466.27335,1525.94335
Mozambique,MOZ,85.04123,86.06123,87.06123,88.14123,89.20123,90.31123,91.35123,92.47123,93.60123,94.79123,96.14123,97.72123,99.31123,101.23123,103.15123,104.97123,106.95123,109.21123,111.47123,114.00123,116.73123,119.95123,123.07123,127.09123,135.51123,144.19123,152.94123
Myanmar,MMR,199.37919,203.55919,208.43919,213.77919,220.01919,226.96919,234.21919,241.70919,249.77919,258.73919,268.81919,277.53919,286.73919,296.57919,308.99919,320.58919,333.42919,346.28919,356.07919,366.29919,378.80919,393.09919,404.15919,417.00919,438.61919,461.72919,486.07919
Namibia,NAM,0,1.06,2.21,3.6,5.18,6.81,8.56,10.36,12.27,13.93,15.57,17.59,19.35,21.22,23.18,25.49,27.82,30.18,33.5,36.57,39.67,42.5,45.88,48.51,52.26,56.03,59.93
Nauru,NRU,2.69,2.81,2.93,3.04,3.15,3.26,3.36,3.46,3.56,3.65,3.73,3.81,3.89,3.96,4.03,4.09,4.13,4.17,4.21,4.25,4.29,4.33,4.37,4.41,4.46,4.51,4.56
Nepal,NPL,12.927,13.887,15.217,16.687,18.387,20.417,22.897,25.677,27.927,31.147,34.217,37.477,40.097,42.937,45.607,48.687,51.247,53.857,57.277,61.607,66.657,72.187,78.037,84.667,92.687,101.147,110.267
Netherlands,NLD,6674.73788,6845.63788,7016.33788,7187.58788,7362.26788,7535.12788,7717.45788,7892.44788,8068.52788,8239.20788,8410.85788,8587.71788,8763.83788,8943.41788,9124.58788,9301.76788,9474.27788,9647.21788,9823.16788,9993.86788,10176.41788,10346.12788,10511.66788,10677.23788,10835.27788,11000.40788,11168.83788
New Caledonia,NCL,55.99473,57.76473,59.34473,61.18473,63.16473,65.23473,67.42473,69.25473,71.06473,73.12473,75.35473,77.24473,79.64473,82.38473,84.91473,87.73473,90.45473,93.39473,96.26473,99.23473,102.77473,106.42473,110.05473,114.29473,118.58473,123.14473,128.20473
New Zealand,NZL,877.75344,903.87344,931.98344,959.69344,987.58344,1015.73344,1045.10344,1076.46344,1106.39344,1137.92344,1170.28344,1204.87344,1239.64344,1276.14344,1312.20344,1349.84344,1387.36344,1424.01344,1461.68344,1496.47344,1531.49344,1565.82344,1601.47344,1636.56344,1672.14344,1708.05344,1743.84344
Nicaragua,NIC,55.18482,57.18482,59.57482,61.87482,64.41482,67.19482,70.06482,73.20482,76.62482,80.24482,84.00482,87.96482,91.99482,96.40482,100.82482,105.14482,109.60482,114.20482,118.62482,123.11482,127.64482,132.52482,137.14482,141.69482,146.55482,151.61482,156.74482
Niger,NER,13.96569,14.68569,15.38569,16.16569,16.93569,17.74569,18.64569,19.55569,20.51569,21.46569,22.16569,22.82569,23.52569,24.28569,25.09569,25.80569,26.49569,27.21569,28.02569,28.99569,30.16569,31.49569,33.35569,35.29569,37.42569,39.55569,41.71569
Nigeria,NGA,1299.98264,1342.22264,1388.80264,1433.90264,1469.07264,1504.88264,1544.51264,1586.80264,1624.64264,1664.89264,1740.89264,1826.55264,1920.15264,2021.68264,2125.90264,2231.88264,2330.69264,2425.67264,2521.74264,2598.41264,2689.85264,2785.47264,2883.89264,2981.95264,3078.15264,3180.89264,3283.27264
Niue,NIU,0.01,0.02,0.03,0.04,0.05,0.06,0.07,0.08,0.09,0.1,0.11,0.12,0.13,0.13,0.13,0.13,0.13,0.13,0.14,0.14,0.14,0.15,0.16,0.17,0.18,0.19,0.2
North Korea,PRK,3138.13346,3256.82346,3361.34346,3457.78346,3546.08346,3628.92346,3702.12346,3767.91346,3826.98346,3891.46346,3961.07346,4033.24346,4102.41346,4173.10346,4245.40346,4320.91346,4397.75346,4461.92346,4532.99346,4603.61346,4670.01346,4718.00346,4767.02346,4803.00346,4843.49346,4886.10346,4936.67346
Norway,NOR,1440.52447,1474.59447,1509.42447,1545.95447,1584.40447,1622.88447,1664.47447,1706.16447,1748.11447,1790.81447,1833.01447,1876.55447,1919.21447,1963.12447,2007.45447,2051.00447,2094.92447,2140.77447,2185.67447,2228.89447,2274.73447,2319.66447,2364.22447,2408.52447,2452.49447,2497.15447,2542.14447
Oman,OMN,142.39,154.15,166.22,179.67,194.96,210.84,225.93,241.4,257.95,278.64,300.52,320.79,346.24,378.6,406.56,436.43,476,519.66,562.33,603.4,650.78,704.77,763.88,825.21,886.33,951.73,1018.5
Pakistan,PAK,922.18,990.37,1063.1,1141.04,1225.81,1310.22,1404.59,1499.22,1596.8,1697.1,1803.46,1911.65,2025.64,2144.44,2275.93,2412.45,2558.41,2717.17,2876.11,3034.82,3196.08,3357.9,3521.26,3685.45,3851.61,4026.3,4215.21
Palau,PLW,0.05138,0.05138,0.28138,0.51138,0.74138,0.97138,1.20138,1.44138,1.68138,1.92138,2.17138,2.42138,2.67138,2.92138,3.17138,3.43138,3.69138,3.95138,4.20138,4.45138,4.70138,4.95138,5.20138,5.46138,5.72138,6.00138,6.29138
Palestine,PSE,0.86,1.74,2.66,3.59,4.56,5.51,6.55,7.41,8.87,10.24,11.9,13.25,14.4,15.68,17.87,20.61,22.87,25.19,27.24,29.33,31.36,33.61,35.81,38.25,41.09,43.86,46.66
Panama,PAN,85.42799,88.66799,92.90799,96.84799,101.17799,104.15799,108.77799,114.41799,120.35799,126.01799,131.80799,138.80799,144.67799,150.82799,156.62799,163.45799,170.81799,178.00799,185.37799,193.96799,203.12799,213.21799,223.32799,234.03799,242.82799,251.90799,261.15799
Papua New Guinea,PNG,40.86319,42.92319,44.97319,46.96319,49.14319,51.20319,53.39319,55.97319,58.83319,61.27319,63.93319,67.14319,70.62319,74.56319,79.04319,83.42319,87.73319,93.85319,98.64319,103.73319,108.49319,113.81319,118.88319,125.06319,131.37319,138.13319,145.20319
Paraguay,PRY,34.74157,36.87157,39.40157,42.27157,45.70157,49.66157,53.41157,57.60157,62.10157,66.60157,70.29157,74.11157,78.00157,82.07157,86.16157,89.99157,93.97157,98.10157,102.55157,107.11157,112.20157,117.52157,122.80157,128.23157,133.93157,139.85157,145.86157
Peru,PER,823.69434,843.97434,864.38434,887.98434,911.25434,935.11434,959.48434,986.93434,1014.71434,1044.04434,1074.31434,1101.45434,1128.61434,1154.97434,1186.84434,1223.95434,1258.80434,1301.72434,1342.70434,1394.36434,1451.91434,1501.50434,1556.53434,1613.64434,1675.33434,1739.37434,1807.14434
Philippines,PHL,905.33502,949.22502,997.93502,1047.37502,1102.12502,1162.78502,1224.89502,1295.99502,1365.17502,1434.27502,1507.52502,1578.51502,1649.79502,1721.16502,1795.17502,1869.94502,1937.58502,2009.69502,2088.48502,2165.98502,2250.78502,2336.21502,2427.34502,2525.39502,2630.96502,2746.29502,2874.66502
Poland,POL,17861.31972,18234.69972,18598.41972,18962.54972,19322.15972,19683.46972,20058.77972,20425.34972,20762.68972,21090.33972,21407.43972,21720.98972,22026.71972,22345.13972,22667.67972,22989.34972,23323.97972,23658.34972,23985.79972,24299.94972,24632.07972,24963.77972,25288.00972,25607.92972,25915.52972,26226.16972,26545.16972
Portugal,PRT,937.6149,984.6049,1035.8349,1085.6649,1136.2349,1190.7649,1242.5949,1297.4149,1356.7149,1423.6249,1489.3049,1554.6649,1623.8649,1687.9449,1754.8049,1823.9449,1888.3749,1950.3149,2009.9449,2066.7449,2119.3649,2170.8349,2220.4949,2268.3649,2316.1049,2368.1249,2418.7349
Puerto Rico,PRI,0.20919,0.20919,0.20919,0.20919,0.20919,0.20919,0.20919,0.20919,0.20919,0.20919,0.20919,0.20919,0.20919,0.20919,0.20919,0.20919,0.20919,0.20919,0.20919,0.20919,0.20919,0.20919,0.20919,0.20919,0.20919,0.20919,0.20919
Qatar,QAT,293.77825,311.46825,338.24825,368.94825,399.14825,430.90825,463.17825,500.63825,533.01825,564.39825,599.09825,640.45825,681.32825,722.81825,765.72825,816.63825,880.05825,943.28825,1008.07825,1077.24825,1149.69825,1230.06825,1324.11825,1409.06825,1516.83825,1645.28825,1768.19825
Reunion,REU,18.50599,19.86599,21.40599,22.84599,24.46599,26.22599,28.16599,30.39599,32.91599,35.48599,38.34599,41.38599,44.40599,47.38599,50.38599,53.82599,57.44599,61.30599,65.24599,69.34599,73.51599,77.78599,82.03599,86.13599,90.30599,94.41599,98.45599
Romania,ROU,5600.79249,5741.83249,5872.46249,5994.58249,6114.68249,6240.14249,6368.93249,6488.94249,6592.87249,6681.07249,6774.03249,6872.52249,6971.10249,7074.15249,7175.95249,7275.54249,7377.91249,7484.36249,7587.47249,7673.58249,7755.85249,7844.31249,7930.20249,8007.15249,8084.35249,8162.36249,8240.52249
Russia,RUS,55619.99,58053.35,60066.69,61976.42,63662.02,65291.62,66873,68375.17,69851.85,71364.6,72868.89,74411.52,75942.85,77511.49,79086.83,80680.93,82334.44,83987.82,85673.09,87250.05,88913.37,90631.37,92359.69,94027.19,95696.79,97367.44,99002.15
Rwanda,RWA,9.11,9.6,10.09,10.58,11.05,11.51,11.99,12.49,12.98,13.49,14.02,14.55,15.08,15.6,16.13,16.66,17.19,17.75,18.29,18.87,19.46,20.12,20.86,21.66,22.5,23.34,24.21
Saint Helena,SHN,0.04,0.05,0.06,0.07,0.08,0.09,0.1,0.11,0.12,0.13,0.14,0.15,0.16,0.17,0.18,0.19,0.2,0.21,0.22,0.23,0.24,0.25,0.26,0.27,0.28,0.29,0.3
Saint Kitts and Nevis,KNA,0.63,0.74,0.85,0.96,1.08,1.21,1.34,1.48,1.63,1.79,1.96,2.14,2.34,2.54,2.75,2.95,3.15,3.37,3.59,3.81,4.03,4.26,4.48,4.7,4.93,5.17,5.41
Saint Lucia,LCA,2.64441,2.81441,3.01441,3.23441,3.49441,3.80441,4.13441,4.44441,4.75441,5.07441,5.40441,5.76441,6.09441,6.45441,6.81441,7.18441,7.55441,7.93441,8.33441,8.71441,9.11441,9.52441,9.93441,10.34441,10.75441,11.17441,11.60441
Saint Pierre and Miquelon,SPM,1.73259,1.83259,1.93259,2.00259,2.07259,2.14259,2.21259,2.26259,2.31259,2.36259,2.41259,2.46259,2.52259,2.59259,2.65259,2.72259,2.79259,2.86259,2.93259,3.00259,3.07259,3.14259,3.21259,3.28259,3.36259,3.44259,3.52259
Saint Vincent and the Grenadines,VCT,1.25606,1.33606,1.41606,1.51606,1.63606,1.76606,1.89606,2.02606,2.18606,2.34606,2.49606,2.67606,2.86606,3.06606,3.28606,3.50606,3.72606,3.95606,4.18606,4.49606,4.71606,4.91606,5.16606,5.37606,5.58606,5.80606,6.02606
Samoa,WSM,2.11074,2.22074,2.33074,2.44074,2.55074,2.67074,2.79074,2.92074,3.05074,3.19074,3.33074,3.48074,3.63074,3.78074,3.93074,4.09074,4.25074,4.42074,4.60074,4.79074,4.98074,5.18074,5.38074,5.58074,5.78074,5.99074,6.21074
Sao Tome and Principe,STP,0.88404,0.93404,0.98404,1.03404,1.08404,1.13404,1.18404,1.23404,1.28404,1.33404,1.38404,1.43404,1.49404,1.56404,1.63404,1.71404,1.79404,1.87404,1.95404,2.04404,2.14404,2.24404,2.35404,2.46404,2.57404,2.68404,2.80404
Saudi Arabia,SAU,3169.52305,3437.07305,3722.37305,4035.93305,4343.64305,4578.61305,4837.15305,5053.21305,5260.72305,5486.99305,5783.68305,6080.65305,6406.79305,6733.79305,7129.30305,7526.62305,7959.00305,8346.46305,8776.28305,9244.86305,9762.93305,10262.40305,10826.78305,11367.38305,11967.94305,12591.76305,13226.13305
Senegal,SEN,62.21599,65.63599,69.11599,72.70599,76.60599,80.09599,83.83599,87.09599,90.52599,94.22599,98.16599,102.49599,107.00599,111.97599,117.20599,123.01599,127.74599,132.92599,138.01599,142.59599,150.33599,158.69599,166.60599,175.02599,183.87599,192.74599,201.74599
Serbia,SRB,1174.66,1215.54,1258.94,1296.73,1333.49,1372.32,1417.77,1466.61,1518.03,1553.49,1592.88,1635.2,1680.44,1728.82,1781.7,1831.75,1885.71,1938.12,1990.17,2036.31,2082.23,2131.41,2175.44,2220.29,2257.93,2297.12,2336.74
Seychelles,SYC,2.26,2.43,2.6,2.78,2.98,3.18,3.41,3.75,4.18,4.69,5.26,5.89,6.43,6.98,7.72,8.41,9.14,9.78,10.47,10.99,11.43,11.77,12.21,12.61,13.1,13.6,14.12
Sierra Leone,SLE,18.8282,19.3782,19.8282,20.2782,20.7882,21.1882,21.6582,22.0982,22.5082,22.8782,23.3082,23.8782,24.4882,25.1382,25.7782,26.3282,27.0582,27.6982,28.3582,29.0082,29.7382,30.6382,31.6682,32.8582,34.1682,35.4882,36.8482
Singapore,SGP,669.74333,714.97333,763.36333,814.51333,876.14333,918.28333,967.94333,1026.32333,1074.90333,1124.93333,1173.90333,1223.40333,1270.59333,1301.70333,1330.15333,1360.48333,1391.25333,1411.16333,1447.27333,1503.16333,1558.76333,1603.94333,1640.28333,1695.91333,1752.24333,1812.92333,1875.56333
Sint Maarten (Dutch part),SXM,33.62,34.05,34.4,34.95,35.47,35.99,36.48,36.99,37.02,37.23,37.79,38.36,38.91,39.46,40.03,40.6,41.19,41.86,42.5,43.16,43.61,44.19,44.89,45.6,46.33,47.09,47.87
Slovakia,SVK,1610.88,1664.43,1713.51,1760.08,1803.82,1848.6,1893.68,1938.82,1982.94,2026.22,2067.49,2111.06,2152.8,2195,2237.73,2280.48,2322.97,2363.85,2405.23,2442.82,2481.36,2519.17,2555.17,2590.71,2624.15,2657.97,2692.07
Slovenia,SVN,335.95,349.95,363.95,378.24,392.87,408.11,424.02,440.25,456.2,471.52,486.95,503.31,519.82,536.09,552.72,569.65,586.77,604.03,622.24,638.56,654.92,671.27,687.08,702.25,715.76,729.36,743.24
Solomon Islands,SLB,2.51505,2.66505,2.80505,2.94505,3.08505,3.22505,3.36505,3.50505,3.64505,3.79505,3.94505,4.10505,4.26505,4.42505,4.58505,4.74505,4.90505,5.08505,5.27505,5.46505,5.66505,5.86505,6.06505,6.26505,6.46505,6.68505,6.91505
Somalia,SOM,14.92215,15.63215,16.31215,16.95215,17.58215,18.17215,18.74215,19.28215,19.79215,20.28215,20.76215,21.26215,21.85215,22.44215,23.03215,23.62215,24.21215,24.82215,25.42215,26.02215,26.63215,27.23215,27.84215,28.45215,29.06215,29.67215,30.31215
South Africa,ZAF,8626.02854,8952.16854,9253.60854,9574.39854,9913.28854,10275.24854,10639.34854,11025.16854,11402.58854,11777.51854,12155.87854,12527.61854,12883.96854,13288.09854,13737.91854,14154.48854,14602.01854,15068.21854,15564.58854,16067.28854,16540.99854,17011.19854,17479.58854,17945.57854,18434.94854,18896.46854,19364.16854
South Korea,KOR,3159.70293,3420.97293,3705.02293,4026.71293,4370.47293,4744.93293,5148.38293,5578.06293,5942.60293,6342.14293,6789.33293,7239.16293,7704.41293,8170.24293,8652.12293,9114.66293,9584.93293,10080.20293,10587.37293,11095.82293,11662.07293,12250.99293,12834.48293,13426.49293,14013.17293,14605.16293,15200.55293
South Sudan,SSD,9.46,9.87,10.23,10.48,10.83,11.19,11.56,12.01,12.4,12.82,13.28,13.81,14.49,15.25,16.2,17.11,18.11,19.29,20.53,21.83,23.16,24.46,25.79,27.24,28.73,30.23,31.79
Spain,ESP,6245.78533,6486.70533,6736.29533,6977.41533,7231.03533,7498.31533,7753.22533,8020.86533,8296.97533,8596.83533,8908.76533,9222.59533,9556.50533,9894.61533,10249.88533,10620.39533,10982.13533,11351.45533,11688.81533,11986.89533,12271.26533,12555.82533,12836.32533,13089.22533,13343.86533,13615.59533,13876.66533
Sri Lanka,LKA,122.27884,126.44884,131.62884,136.66884,142.18884,148.08884,155.14884,162.75884,170.57884,179.18884,189.41884,199.85884,210.90884,221.97884,234.26884,246.35884,258.32884,270.66884,282.86884,296.02884,309.27884,324.39884,340.41884,355.89884,374.27884,393.84884,415.00884
Sudan,SDN,112.33023,116.81023,120.82023,123.59023,127.39023,131.33023,135.39023,140.35023,144.65023,149.32023,154.39023,160.22023,167.66023,175.97023,186.47023,196.53023,207.53023,220.47023,234.13023,248.38023,262.98023,277.32023,291.95023,307.41023,322.76023,338.20023,354.19023
Suriname,SUR,50.94213,52.99213,55.06213,57.10213,59.14213,61.20213,63.28213,65.39213,67.50213,69.63213,71.82213,74.19213,75.75213,77.29213,78.85213,80.44213,82.18213,83.94213,85.88213,87.88213,90.28213,92.25213,94.51213,96.43213,98.42213,100.49213,102.59213
Swaziland,SWZ,9.49303,9.82303,10.08303,10.21303,10.69303,11.14303,11.48303,12.68303,13.89303,15.13303,16.32303,17.46303,18.58303,19.62303,20.65303,21.67303,22.68303,23.74303,24.84303,25.88303,26.92303,27.97303,29.18303,30.27303,31.47303,32.66303,33.83303
Sweden,SWE,3430.47548,3488.22548,3545.70548,3603.12548,3662.98548,3722.27548,3785.49548,3843.63548,3902.35548,3958.20548,4012.93548,4068.62548,4125.26548,4182.48548,4238.91548,4292.86548,4346.65548,4399.56548,4450.38548,4497.62548,4550.64548,4599.74548,4646.26548,4691.14548,4734.39548,4777.74548,4823.11548
Switzerland,CHE,1748.765,1794.965,1840.985,1884.585,1927.255,1970.675,2014.825,2057.865,2102.475,2146.905,2190.515,2235.585,2279.035,2323.695,2368.935,2414.735,2460.115,2503.505,2548.215,2591.755,2636.805,2677.795,2720.055,2763.255,2802.525,2841.275,2878.985
Syria,SYR,513.77374,556.27374,599.15374,644.78374,691.39374,733.02374,775.79374,816.72374,866.95374,919.28374,970.28374,1019.02374,1058.05374,1112.28374,1163.34374,1213.93374,1267.47374,1333.88374,1401.51374,1463.79374,1525.35374,1582.21374,1626.90374,1663.31374,1693.99374,1725.16374,1756.79374
Taiwan,TWN,1929.80375,2064.58375,2209.91375,2366.96375,2530.89375,2705.09375,2887.45375,3083.78375,3283.49375,3490.45375,3709.31375,3937.28375,4174.93375,4421.29375,4681.69375,4940.87375,5207.76375,5485.45375,5746.83375,5995.14375,6264.92375,6533.88375,6791.80375,7052.02375,7315.88375,7577.66375,7843.95375
Tajikistan,TJK,194.84,202.75,210.06,215.23,217.59,220.04,222.86,225.01,227.51,230.03,232.27,234.56,236.44,238.51,241.07,243.51,246.17,249.4,252.3,254.75,257.29,259.64,262.57,266.05,271.23,276.58,282.04
Tanzania,TZA,65.45763,67.85763,70.17763,72.76763,75.16763,78.71763,82.17763,85.05763,87.60763,90.14763,92.79763,95.92763,99.51763,103.31763,107.67763,113.17763,119.19763,125.08763,131.22763,137.13763,144.23763,152.32763,161.86763,173.03763,184.58763,196.49763,208.56763
Thailand,THA,966.7002,1066.4002,1176.0902,1300.9402,1439.9902,1601.0102,1781.1202,1966.8802,2131.0902,2307.0702,2488.1902,2682.6302,2890.7802,3115.1702,3358.1602,3605.4302,3857.2702,4109.5102,4361.7502,4629.1302,4910.8302,5188.9202,5485.2802,5785.1202,6101.0702,6423.9402,6751.2702
Timor,TLS,0,0,0,0,0,0,0,0,0,0,0,0,0.16,0.32,0.5,0.68,0.86,1.04,1.24,1.47,1.7,1.95,2.24,2.68,3.15,3.65,4.18
Togo,TGO,14.08397,14.92397,15.76397,16.62397,17.45397,18.40397,19.46397,20.45397,21.62397,23.16397,24.52397,25.68397,26.91397,28.37397,29.77397,31.11397,32.33397,33.74397,35.42397,38.20397,40.84397,43.30397,45.78397,48.44397,51.06397,53.71397,56.42397
Tonga,TON,1.06606,1.16606,1.23606,1.31606,1.40606,1.50606,1.58606,1.68606,1.77606,1.88606,1.98606,2.07606,2.17606,2.29606,2.40606,2.51606,2.64606,2.75606,2.87606,3.00606,3.12606,3.22606,3.33606,3.44606,3.56606,3.69606,3.83606
Trinidad and Tobago,TTO,568.86493,585.86493,605.00493,622.96493,640.39493,657.40493,677.97493,696.35493,715.46493,737.99493,761.81493,788.14493,816.74493,848.70493,882.10493,920.22493,962.86493,1008.30493,1052.65493,1097.51493,1145.41493,1192.31493,1237.69493,1284.19493,1330.43493,1376.19493,1417.22493
Tunisia,TUN,225.54714,241.02714,256.03714,272.52714,288.45714,304.17714,320.91714,337.84714,355.83714,374.15714,394.06714,414.86714,435.70714,456.93714,479.21714,501.85714,524.82714,548.91714,573.72714,598.49714,626.13714,652.13714,679.11714,706.75714,735.56714,766.75714,797.82714
Turkey,TUR,2414.368,2568.588,2728.658,2897.118,3062.328,3243.748,3441.208,3651.078,3861.118,4068.088,4295.808,4507.468,4727.378,4962.648,5206.908,5470.848,5755.668,6071.728,6385.078,6705.538,7027.598,7375.598,7731.088,8078.838,8438.058,8821.488,9225.378
Turkmenistan,TKM,879.66,915.38,948.38,976.67,1010.18,1044.15,1074.8,1105.4,1137.47,1175.12,1212.63,1250.67,1290.6,1335.17,1381.67,1429.97,1479.44,1535.44,1592.22,1642.52,1699.76,1762.18,1827,1893.68,1962.05,2037.95,2114.24
Turks and Caicos Islands,TCA,0.03,0.06,0.09,0.13,0.17,0.22,0.27,0.32,0.38,0.45,0.52,0.59,0.69,0.79,0.89,1.01,1.15,1.31,1.49,1.67,1.86,2.05,2.25,2.45,2.66,2.87,3.09
Tuvalu,TUV,0.01,0.02,0.03,0.04,0.05,0.06,0.07,0.08,0.09,0.1,0.11,0.12,0.13,0.14,0.15,0.16,0.17,0.18,0.19,0.2,0.21,0.22,0.23,0.24,0.25,0.26,0.27
Uganda,UGA,27.18941,27.96941,28.75941,29.53941,30.24941,31.18941,32.24941,33.35941,34.61941,35.92941,37.35941,38.86941,40.42941,42.02941,43.76941,45.93941,48.47941,51.36941,54.55941,57.93941,61.85941,66.11941,70.18941,75.05941,80.27941,85.50941,90.84941
Ukraine,UKR,16802.21,17434.91,18024.14,18534.52,18953.99,19344.06,19695.49,20035.72,20356.77,20649.06,20928.57,21229.84,21524.01,21829.16,22135.4,22448.92,22781.67,23118.26,23443.99,23721.14,24014.62,24321.59,24625.22,24921.1,25177.28,25400.36,25641.79
United Arab Emirates,ARE,827.02,883.98,942.07,1008,1081.07,1151.65,1192.68,1234.29,1315.72,1394.03,1506.5,1607.83,1692.46,1799.21,1912.36,2028.41,2152.18,2287.7,2444.93,2612.75,2773.43,2938.74,3114.98,3285.55,3496.75,3725.86,3964.96
United Kingdom,GBR,62753.01638,63356.52638,63944.71638,64518.30638,65086.94638,65646.72638,66228.42638,66784.90638,67345.38638,67898.56638,68459.14638,69029.09638,69582.94638,70148.09638,70714.83638,71278.47638,71840.36638,72393.90638,72933.74638,73422.60638,73930.07638,74394.83638,74879.06638,75352.76638,75786.13638,76201.85638,76591.25638
United States,USA,246945.1498,252018.6398,257197.2198,262489.8298,267875.7498,273326.0598,278962.3598,284675.7198,290429.5498,296263.7698,302265.1298,308167.8298,314111.7798,320102.5098,326207.9398,332339.7698,338391.2698,344521.8898,350454.8698,355950.5598,361650.4898,367220.0098,372582.0998,378096.1198,383661.6098,389073.0198,394384.7098
Uruguay,URY,191.10545,195.65545,200.82545,205.28545,209.34545,213.93545,219.37545,224.92545,230.60545,237.32545,242.62545,247.71545,252.33545,256.92545,262.53545,268.30545,274.94545,280.94545,289.20545,297.25545,303.63545,311.39545,320.08545,327.66545,334.40545,341.41545,348.52545
Uzbekistan,UZB,2977.82,3098.73,3210.45,3326.59,3435.17,3538.52,3644.6,3751.75,3870.8,3993.73,4115.46,4238.81,4367.05,4494.09,4620.2,4737.35,4857.54,4977.64,5101.44,5208.48,5312.56,5426.15,5541.87,5645.14,5750.27,5857.59,5966.46
Vanuatu,VUT,1.66,1.73,1.79,1.85,1.91,1.98,2.06,2.14,2.22,2.3,2.38,2.47,2.55,2.63,2.69,2.75,2.8,2.9,3,3.12,3.24,3.37,3.48,3.59,3.74,3.9,4.07
Venezuela,VEN,3232.99217,3348.34217,3454.23217,3578.52217,3708.38217,3841.62217,3964.32217,4098.20217,4265.40217,4438.38217,4590.68217,4763.13217,4956.29217,5148.24217,5299.85217,5464.81217,5634.19217,5794.85217,5973.82217,6153.46217,6342.38217,6519.06217,6717.66217,6901.43217,7086.50217,7267.00217,7443.82217
Vietnam,VNM,726.09387,747.52387,768.98387,791.97387,818.18387,847.25387,881.89387,926.95387,974.42387,1022.07387,1075.67387,1136.76387,1207.51387,1286.21387,1376.69387,1474.75387,1577.41387,1682.20387,1800.10387,1928.63387,2071.25387,2223.30387,2365.40387,2512.51387,2679.28387,2864.79387,3051.39387
Yemen,YEM,152.81,162.01,171.95,180.65,189.71,200.17,210.8,224.15,236.34,250.22,264.85,281.04,296.79,314.08,332.95,352.98,374.28,395.23,417.55,442.09,465.5,485.15,503.8,529.28,551.96,574.29,596.88
Zambia,ZMB,116.33,118.74,121.19,123.69,126.11,128.28,130.15,132.54,134.85,136.66,138.48,140.39,142.37,144.48,146.62,148.91,151.2,153.13,155.3,157.81,160.5,163.43,167.09,171.04,175.54,180.04,184.61
Zanzibar,OWID_ZAN,0.24222,0.24222,0.24222,0.24222,0.24222,0.24222,0.24222,0.24222,0.24222,0.24222,0.24222,0.24222,0.24222,0.24222,0.24222,0.24222,0.24222,0.24222,0.24222,0.24222,0.24222,0.24222,0.24222,0.24222,0.24222,0.24222,0.24222
Zimbabwe,ZWE,380.04648,395.98648,412.98648,429.33648,447.11648,462.23648,477.21648,491.61648,505.85648,521.67648,535.58648,548.17648,560.13648,570.78648,580.26648,591.02648,601.46648,611.34648,619.10648,624.70648,632.47648,642.03648,649.82648,661.49648,673.50648,685.23648,696.37648
